name,subject,html_body,text_body,variables,event_type,is_active,created_at,updated_at
review_reminder,"Rappel - laissez un avis sur votre échange","<!DOCTYPE html>
<html lang=""fr"">
  <head>
    <meta charset=""UTF-8"" />
    <meta name=""viewport"" content=""width=device-width, initial-scale=1.0"" />
    <title>Rappel avis</title>
  </head>
  <body style=""font-family: 'Inter', system-ui, -apple-system, sans-serif; background-color:#f5f7fb; margin:0; padding:24px;"">
    <table role=""presentation"" style=""width:100%; max-width:560px; margin:0 auto; background:#ffffff; border-radius:16px; padding:32px;"">
      <tr>
        <td>
          <p style=""color:#475467; font-size:14px;"">Bonjour {{recipient_name}},</p>
          <p style=""color:#101828; font-size:16px; line-height:24px;"">
            Merci d'avoir finalisé un échange sur TrocHub concernant <strong>{{listing_title}}</strong>.<br />
            Votre avis aide la communauté à identifier les membres fiables et à fluidifier les prochains échanges.
          </p>
          <p style=""color:#101828; font-size:16px; line-height:24px;"">
            Il vous suffit de quelques secondes pour partager votre expérience.
          </p>
          <p style=""margin:32px 0;"">
            <a href=""https://trophub.netlify.app/exchanges"" style=""display:inline-block; padding:14px 28px; background-color:#2563eb; color:#ffffff; font-weight:600; border-radius:999px; text-decoration:none;"">
              Laisser un avis maintenant
            </a>
          </p>
          <p style=""color:#475467; font-size:14px;"">
            Merci pour votre contribution à une communauté de troc fiable et bienveillante.<br />
            — L'équipe TrocHub
          </p>
        </td>
      </tr>
    </table>
  </body>
</html>","Bonjour {{recipient_name}},\n\nMerci d'avoir finalisé un échange sur TrocHub pour {{listing_title}}. Pouvez-vous prendre 30 secondes pour laisser un avis ?\n\nVotre retour aide la communauté à identifier les membres fiables pour leurs prochains échanges.\n\n👉 https://trophub.netlify.app/exchanges\n\nMerci !\n— L'équipe TrocHub","[""recipient_name"",""listing_title""]",review_reminder,true,,

